<?xml version="1.0"?>
<!--<!DOCTYPE metadata SYSTEM "http://www.esri.com/metadata/esriprof80.dtd">-->
<metadata xml:lang="en"><Esri><CreaDate>20090305</CreaDate><CreaTime>08404900</CreaTime><SyncOnce>FALSE</SyncOnce><DataProperties><lineage><Process Name="Project_13" ToolSource="C:\Program Files\ArcGIS\ArcToolbox\Toolboxes\Data Management Tools.tbx\Project" Date="20080710" Time="091107">Project \\Sunset\ntbaker\cgcrawford\in_sites\Ewildcat.shp \\Sunset\ntbaker\cgcrawford\in_sites\Gwildcat.shp GEOGCS['GCS_North_American_1983',DATUM['D_North_American_1983',SPHEROID['GRS_1980',6378137.0,298.257222101]],PRIMEM['Greenwich',0.0],UNIT['Degree',0.0174532925199433]] # PROJCS['NAD_1983_UTM_Zone_16N',GEOGCS['GCS_North_American_1983',DATUM['D_North_American_1983',SPHEROID['GRS_1980',6378137.0,298.257222101]],PRIMEM['Greenwich',0.0],UNIT['Degree',0.0174532925199433]],PROJECTION['Transverse_Mercator'],PARAMETER['False_Easting',500000.0],PARAMETER['False_Northing',0.0],PARAMETER['Central_Meridian',-87.0],PARAMETER['Scale_Factor',0.9996],PARAMETER['Latitude_Of_Origin',0.0],UNIT['Meter',1.0]]</Process><Process ToolSource="C:\Program Files\ArcGIS\ArcToolbox\Toolboxes\Data Management Tools.tbx\CopyFeatures" Date="20091027" Time="110041">CopyFeatures \\sunset\nawqa3\downloads\nasqan\nasqan_2009\b06338490\polygon \\Wx94dinind\Nawqa3\downloads\nasqan\nasqan_2009\nasqan_shp\b06338490_polygon.shp # 0 0 0</Process></lineage></DataProperties><SyncDate>20091027</SyncDate><SyncTime>11003600</SyncTime><ModDate>20091027</ModDate><ModTime>11003600</ModTime><MetaID>{A840898E-CE03-4EB0-9266-3C18C53A0003}</MetaID></Esri><idinfo><native Sync="TRUE">Microsoft Windows XP Version 5.1 (Build 2600) Service Pack 3; ESRI ArcCatalog 9.2.6.1500</native><descript><langdata Sync="TRUE">en</langdata><abstract>This coverage is the basin boundary for the Missouri River at Garrison Dam, ND (USGS station 06338490). The basin boundary was copied from the 2004 watershed boundaries "National Stream Quality Accounting Network of the U.S. Geological Survey, 1996-2000" data set that was originally developed for NASQAN by Evelyn Hopkins (U.S. Geological Survey, Georgia). The entire basin boundary was used including those areas previously identified as noncontributing.</abstract><purpose>This basin boundary was copied and attributes updated for inclusion in the NAWQA Trends data set.</purpose></descript><citation><citeinfo><origin>Nancy Baker copied the data set from an existing dataset and added attributes. </origin><pubdate>Unpublished Material</pubdate><title Sync="TRUE">b06338490_polygon</title><ftname Sync="TRUE">b06338490_polygon</ftname><geoform Sync="TRUE">vector digital data</geoform><onlink Sync="TRUE">\\Wx94dinind\Nawqa3\downloads\nasqan\nasqan_2009\nasqan_shp\b06338490_polygon.shp</onlink><lworkcit><citeinfo><origin>U.S. Geological Survey</origin><pubdate>2004</pubdate><title>Watersheds for U.S. Geological Survey National Stream Quality Accounting Network (NASQAN)</title><edition>1.0</edition><geoform>vector digital data </geoform><onlink> http://water.usgs.gov/lookup/getspatial?nasqan2k </onlink></citeinfo></lworkcit></citeinfo></citation><timeperd><current>publication date</current><timeinfo><sngdate><caldate>07/09/2008</caldate></sngdate></timeinfo></timeperd><status><progress>Complete</progress><update>None planned</update></status><spdom><bounding><westbc Sync="TRUE">-114.917606</westbc><eastbc Sync="TRUE">-100.617110</eastbc><northbc Sync="TRUE">50.292358</northbc><southbc Sync="TRUE">41.956557</southbc></bounding><lboundng><leftbc Sync="TRUE">-1389754.500000</leftbc><rightbc Sync="TRUE">-374317.375000</rightbc><bottombc Sync="TRUE">2230488.999695</bottombc><topbc Sync="TRUE">3039921.500000</topbc></lboundng></spdom><keywords><theme><themekt>basin boundary, watershed</themekt><themekey>basin boundary, watershed</themekey></theme><place><placekey>Mississippi River Basin</placekey></place></keywords><accconst>none</accconst><useconst>none </useconst><natvform Sync="TRUE">Shapefile</natvform><ptcontac><cntinfo><cntperp><cntper>Nancy T. Baker</cntper><cntorg>U.S. Geological Survey</cntorg></cntperp><cntpos>GIS Specialist</cntpos><cntaddr><addrtype>mailing and physical address</addrtype><address>5957 Lakeside Blvd.</address><city>Indianapolis</city><state>IN</state><postal>46278</postal><country>USA</country></cntaddr><cntvoice>317-290-3333 x185</cntvoice><cntemail>ntbaker@usgs.gov</cntemail></cntinfo></ptcontac><datacred>Nancy T. Baker copied the basin boundary and edited the attribute table. </datacred></idinfo><dataIdInfo><envirDesc Sync="TRUE">Microsoft Windows XP Version 5.1 (Build 2600) Service Pack 3; ESRI ArcCatalog 9.2.6.1500</envirDesc><dataLang><languageCode Sync="TRUE" value="en"></languageCode></dataLang><idCitation><resTitle Sync="TRUE">b06338490_polygon</resTitle><presForm><PresFormCd Sync="TRUE" value="005"></PresFormCd></presForm></idCitation><spatRpType><SpatRepTypCd Sync="TRUE" value="001"></SpatRepTypCd></spatRpType><dataExt><geoEle><GeoBndBox esriExtentType="native"><westBL Sync="TRUE">-1389754.5</westBL><eastBL Sync="TRUE">-374317.375</eastBL><northBL Sync="TRUE">3039921.5</northBL><southBL Sync="TRUE">2230488.999695</southBL><exTypeCode Sync="TRUE">1</exTypeCode></GeoBndBox></geoEle></dataExt><geoBox esriExtentType="decdegrees"><westBL Sync="TRUE">-114.917606</westBL><eastBL Sync="TRUE">-100.61711</eastBL><northBL Sync="TRUE">50.292358</northBL><southBL Sync="TRUE">41.956557</southBL><exTypeCode Sync="TRUE">1</exTypeCode></geoBox></dataIdInfo><metainfo><langmeta Sync="TRUE">en</langmeta><metstdn Sync="TRUE">FGDC Content Standards for Digital Geospatial Metadata</metstdn><metstdv Sync="TRUE">FGDC-STD-001-1998</metstdv><mettc Sync="TRUE">local time</mettc><metc><cntinfo><cntorgp><cntper>Nancy Baker</cntper><cntorg>U.S. Geological Survey</cntorg></cntorgp><cntaddr><addrtype>mailing and physical address</addrtype><city>Indianapolis</city><state>Indiana</state><postal>46278</postal><address>5957 Lakeside Blvd.</address><country>U.S.A.</country></cntaddr><cntvoice>317-290-3333 x 185</cntvoice><cntpos>GIS Specialist</cntpos><cntemail>ntbaker@usgs.gov</cntemail></cntinfo></metc><metd Sync="TRUE">20091027</metd><metextns><onlink Sync="TRUE">http://www.esri.com/metadata/esriprof80.html</onlink><metprof Sync="TRUE">ESRI Metadata Profile</metprof></metextns></metainfo><mdLang><languageCode Sync="TRUE" value="en"></languageCode></mdLang><mdStanName Sync="TRUE">ISO 19115 Geographic Information - Metadata</mdStanName><mdStanVer Sync="TRUE">DIS_ESRI1.0</mdStanVer><mdChar><CharSetCd Sync="TRUE" value="004"></CharSetCd></mdChar><mdHrLv><ScopeCd Sync="TRUE" value="005"></ScopeCd></mdHrLv><mdHrLvName Sync="TRUE">dataset</mdHrLvName><distinfo><resdesc Sync="TRUE">Downloadable Data</resdesc><stdorder><digform><digtinfo><transize Sync="TRUE">0.000</transize><dssize Sync="TRUE">0.000</dssize></digtinfo></digform></stdorder></distinfo><distInfo><distributor><distorTran><onLineSrc><orDesc Sync="TRUE">002</orDesc><linkage Sync="TRUE">file://\\Wx94dinind\Nawqa3\downloads\nasqan\nasqan_2009\nasqan_shp\b06338490_polygon.shp</linkage><protocol Sync="TRUE">Local Area Network</protocol></onLineSrc><transSize Sync="TRUE">0.000</transSize></distorTran><distorFormat><formatName Sync="TRUE">Shapefile</formatName></distorFormat></distributor></distInfo><spdoinfo><direct Sync="TRUE">Vector</direct><ptvctinf><esriterm Name="b06338490_polygon"><efeatyp Sync="TRUE">Simple</efeatyp><efeageom Sync="TRUE">Polygon</efeageom><esritopo Sync="TRUE">FALSE</esritopo><efeacnt Sync="TRUE">0</efeacnt><spindex Sync="TRUE">FALSE</spindex><linrefer Sync="TRUE">FALSE</linrefer></esriterm><sdtsterm Name="b06338490_polygon"><sdtstype Sync="TRUE">G-polygon</sdtstype><ptvctcnt Sync="TRUE">0</ptvctcnt></sdtsterm><esriterm Name="label"><efeatyp Sync="TRUE">Simple</efeatyp><efeageom Sync="TRUE">Label</efeageom><esritopo Sync="TRUE">FALSE</esritopo><efeacnt Sync="TRUE">1</efeacnt><spindex Sync="TRUE">FALSE</spindex><linrefer Sync="TRUE">FALSE</linrefer></esriterm><sdtsterm Name="label"><sdtstype Sync="TRUE">Label point</sdtstype><ptvctcnt Sync="TRUE">1</ptvctcnt></sdtsterm><esriterm Name="polygon"><efeatyp Sync="TRUE">Simple</efeatyp><efeageom Sync="TRUE">Polygon</efeageom><esritopo Sync="TRUE">TRUE</esritopo><efeacnt Sync="TRUE">1</efeacnt><spindex Sync="TRUE">FALSE</spindex><linrefer Sync="TRUE">FALSE</linrefer></esriterm><sdtsterm Name="polygon"><sdtstype Sync="TRUE">GT-polygon composed of chains</sdtstype><ptvctcnt Sync="TRUE">1</ptvctcnt></sdtsterm><esriterm Name="tic"><efeatyp Sync="TRUE">Simple</efeatyp><efeageom Sync="TRUE">Tic</efeageom><esritopo Sync="TRUE">FALSE</esritopo><efeacnt Sync="TRUE">16</efeacnt><spindex Sync="TRUE">FALSE</spindex><linrefer Sync="TRUE">FALSE</linrefer></esriterm><sdtsterm Name="tic"><sdtstype Sync="TRUE">Point</sdtstype><ptvctcnt Sync="TRUE">16</ptvctcnt></sdtsterm></ptvctinf></spdoinfo><spref><horizsys><cordsysn><geogcsn Sync="TRUE">GCS_North_American_1983</geogcsn><projcsn Sync="TRUE">NAD_1983_Albers</projcsn></cordsysn><geodetic><horizdn Sync="TRUE">North American Datum of 1983</horizdn><ellips Sync="TRUE">Geodetic Reference System 80</ellips><semiaxis Sync="TRUE">6378137.000000</semiaxis><denflat Sync="TRUE">298.257222</denflat></geodetic><planar><planci><plance Sync="TRUE">coordinate pair</plance><plandu Sync="TRUE">meters</plandu><coordrep><absres Sync="TRUE">0.000000</absres><ordres Sync="TRUE">0.000000</ordres></coordrep></planci><mapproj><mapprojn Sync="TRUE">Albers Conical Equal Area</mapprojn><albers><stdparll Sync="TRUE">29.500000</stdparll><stdparll Sync="TRUE">45.500000</stdparll><longcm Sync="TRUE">-96.000000</longcm><latprjo Sync="TRUE">23.000000</latprjo><feast Sync="TRUE">0.000000</feast><fnorth Sync="TRUE">0.000000</fnorth></albers></mapproj></planar></horizsys></spref><refSysInfo><RefSystem><refSysID><identCode Sync="TRUE">NAD_1983_Albers</identCode></refSysID></RefSystem></refSysInfo><spatRepInfo><VectSpatRep><topLvl><TopoLevCd Sync="TRUE" value="001"></TopoLevCd></topLvl><geometObjs Name="b06338490_polygon"><geoObjTyp><GeoObjTypCd Sync="TRUE" value="001"></GeoObjTypCd></geoObjTyp><geoObjCnt Sync="TRUE">0</geoObjCnt></geometObjs></VectSpatRep></spatRepInfo><eainfo><detailed Name="b06338490_polygon"><enttyp><enttypl Sync="TRUE">b06338490_polygon</enttypl><enttypt Sync="TRUE">Feature Class</enttypt><enttypc Sync="TRUE">0</enttypc></enttyp><attr><attrlabl Sync="TRUE">FID</attrlabl><attalias Sync="TRUE">FID</attalias><attrtype Sync="TRUE">OID</attrtype><attwidth Sync="TRUE">4</attwidth><atprecis Sync="TRUE">0</atprecis><attscale Sync="TRUE">0</attscale><attrdef Sync="TRUE">Internal feature number.</attrdef><attrdefs Sync="TRUE">ESRI</attrdefs><attrdomv><udom Sync="TRUE">Sequential unique whole numbers that are automatically generated.</udom></attrdomv></attr><attr><attrlabl Sync="TRUE">Shape</attrlabl><attalias Sync="TRUE">Shape</attalias><attrtype Sync="TRUE">Geometry</attrtype><attwidth Sync="TRUE">0</attwidth><atprecis Sync="TRUE">0</atprecis><attscale Sync="TRUE">0</attscale><attrdef Sync="TRUE">Feature geometry.</attrdef><attrdefs Sync="TRUE">ESRI</attrdefs><attrdomv><udom Sync="TRUE">Coordinates defining the features.</udom></attrdomv></attr><attr><attrlabl Sync="TRUE">MI2</attrlabl><attwidth Sync="TRUE">19</attwidth><atoutwid Sync="TRUE">10</atoutwid><attrtype Sync="TRUE">Float</attrtype><attrdef>Basin area in square miles calculated from coverage area divided by 2589998</attrdef><attrdefs>Nancy Baker</attrdefs><atnumdec Sync="TRUE">11</atnumdec></attr><attr><attrlabl Sync="TRUE">MI2USA</attrlabl><attwidth Sync="TRUE">19</attwidth><atoutwid Sync="TRUE">10</atoutwid><attrtype Sync="TRUE">Float</attrtype><attrdef>Basin area inside the U.S. calculated from MI2 minus 10680 square miles located in Canada</attrdef><attrdefs>Nancy Baker</attrdefs><atnumdec Sync="TRUE">11</atnumdec></attr><attr><attrlabl Sync="TRUE">AREA</attrlabl><attalias Sync="TRUE">LABEL</attalias><attrtype Sync="TRUE">Number</attrtype><attwidth Sync="TRUE">9</attwidth><atoutwid Sync="TRUE">18</atoutwid><attrdef Sync="TRUE">Area of feature in internal units squared.</attrdef><attrdefs Sync="TRUE">ESRI</attrdefs><attrdomv><udom Sync="TRUE">Positive real numbers that are automatically generated.</udom></attrdomv></attr><attr><attrlabl Sync="TRUE">PERIMETER</attrlabl><attalias Sync="TRUE">NOTES</attalias><attrtype Sync="TRUE">Number</attrtype><attwidth Sync="TRUE">9</attwidth><atoutwid Sync="TRUE">18</atoutwid><attrdef Sync="TRUE">Perimeter of feature in internal units.</attrdef><attrdefs Sync="TRUE">ESRI</attrdefs><attrdomv><udom Sync="TRUE">Positive real numbers that are automatically generated.</udom></attrdomv></attr><attr><attrlabl Sync="TRUE">STAID</attrlabl><attwidth Sync="TRUE">15</attwidth><atoutwid Sync="TRUE">15</atoutwid><attrtype Sync="TRUE">String</attrtype><attrdef>U.S. Geological Survey Station Identifier</attrdef><attrdefs>USGS</attrdefs></attr><attr><attrlabl Sync="TRUE">SITEID</attrlabl><attwidth Sync="TRUE">9</attwidth><atoutwid Sync="TRUE">10</atoutwid><attrtype Sync="TRUE">Number</attrtype><attrdef>Numeric station identifier</attrdef><attrdefs>USGS</attrdefs></attr><attr><attrlabl Sync="TRUE">NAME</attrlabl><attwidth Sync="TRUE">50</attwidth><atoutwid Sync="TRUE">50</atoutwid><attrtype Sync="TRUE">String</attrtype><attrdef>Station name</attrdef><attrdefs>USGS</attrdefs></attr><attr><attrlabl Sync="TRUE">B06338490_</attrlabl><attalias Sync="TRUE">B06338490_</attalias><attrtype Sync="TRUE">Number</attrtype><attwidth Sync="TRUE">9</attwidth></attr><attr><attrlabl Sync="TRUE">B063384901</attrlabl><attalias Sync="TRUE">B063384901</attalias><attrtype Sync="TRUE">Number</attrtype><attwidth Sync="TRUE">9</attwidth></attr></detailed></eainfo><mdDateSt Sync="TRUE">20091027</mdDateSt><dataqual><lineage><procstep><procdesc Sync="TRUE">Metadata imported.</procdesc><srcused Sync="TRUE">\\Sunset\ntbaker\cgcrawford\in_sites\new_basin_polygons\b328koinp1_new.shp.xml</srcused><date Sync="TRUE">20080916</date><time Sync="TRUE">08265100</time></procstep><procstep><procdesc Sync="TRUE">Metadata imported.</procdesc><srcused Sync="TRUE">\\Sunset\ntbaker\cgcrawford\in_sites\new_basin_polygons\b280267r1_new.shp.xml</srcused><date Sync="TRUE">20080918</date><time Sync="TRUE">14053300</time></procstep><procstep><procdesc Sync="TRUE">Metadata imported.</procdesc><srcused Sync="TRUE">\\Sunset\ntbaker\cgcrawford\in_sites\new_basin_polygons\b2409556_new.shp.xml</srcused><date Sync="TRUE">20080919</date><time Sync="TRUE">08314100</time></procstep><procstep><procdesc Sync="TRUE">Metadata imported.</procdesc><srcused Sync="TRUE">\\Sunset\ntbaker\cgcrawford\in_sites\new_basin_polygons\b2492510_new.shp.xml</srcused><date Sync="TRUE">20090305</date><time Sync="TRUE">06570200</time></procstep><procstep><procdesc Sync="TRUE">Metadata imported.</procdesc><srcused Sync="TRUE">\\Wx94dinind\Nawqa3\downloads\nasqan\nasqan_2009\b07373420\metadata.xml</srcused><date Sync="TRUE">20090305</date><time Sync="TRUE">08404900</time></procstep></lineage></dataqual></metadata>
