<?xml version="1.0"?>
<!--<!DOCTYPE metadata SYSTEM "http://www.esri.com/metadata/esriprof80.dtd">-->
<metadata xml:lang="en"><Esri><CreaDate>20100713</CreaDate><CreaTime>07395800</CreaTime><SyncOnce>FALSE</SyncOnce><DataProperties><lineage><Process Name="Project_13" ToolSource="C:\Program Files\ArcGIS\ArcToolbox\Toolboxes\Data Management Tools.tbx\Project" Date="20080710" Time="091107">Project \\Sunset\ntbaker\cgcrawford\in_sites\Ewildcat.shp \\Sunset\ntbaker\cgcrawford\in_sites\Gwildcat.shp GEOGCS['GCS_North_American_1983',DATUM['D_North_American_1983',SPHEROID['GRS_1980',6378137.0,298.257222101]],PRIMEM['Greenwich',0.0],UNIT['Degree',0.0174532925199433]] # PROJCS['NAD_1983_UTM_Zone_16N',GEOGCS['GCS_North_American_1983',DATUM['D_North_American_1983',SPHEROID['GRS_1980',6378137.0,298.257222101]],PRIMEM['Greenwich',0.0],UNIT['Degree',0.0174532925199433]],PROJECTION['Transverse_Mercator'],PARAMETER['False_Easting',500000.0],PARAMETER['False_Northing',0.0],PARAMETER['Central_Meridian',-87.0],PARAMETER['Scale_Factor',0.9996],PARAMETER['Latitude_Of_Origin',0.0],UNIT['Meter',1.0]]</Process><Process ToolSource="C:\Program Files\ArcGIS\ArcToolbox\Toolboxes\Data Management Tools.tbx\CopyFeatures" Date="20091027" Time="111350">CopyFeatures \\sunset\nawqa3\downloads\nasqan\nasqan_2009\b15565447\polygon \\Wx94dinind\Nawqa3\downloads\nasqan\nasqan_2009\nasqan_shp\b15565447_polygon.shp # 0 0 0</Process></lineage></DataProperties><SyncDate>20091027</SyncDate><SyncTime>11134100</SyncTime><ModDate>20091027</ModDate><ModTime>11134100</ModTime><MetaID>{102FE122-273F-4BAA-8E25-771B7C814CFA}</MetaID></Esri><idinfo><native Sync="TRUE">Microsoft Windows XP Version 5.1 (Build 2600) Service Pack 3; ESRI ArcCatalog 9.2.6.1500</native><descript><langdata Sync="TRUE">en</langdata><abstract>This coverage is the basin boundary for the Yukon River at Pilot Station, AK (USGS station 15565447). The basin boundary was derived from the Alaska HUC map and Canadian Watershed boundaries from the Atlas of Canada, 1,000,000 National Frameworks Data, Hydrology - Drainage Areas .</abstract><purpose>This basin boundary was copied and attributes updated for inclusion in the revised National Stream Quality Accounting Network (NASQAN) basins data set. </purpose></descript><citation><citeinfo><origin>Nancy Baker copied the data set from an existing dataset and added attributes. </origin><pubdate>Unpublished Material</pubdate><title Sync="TRUE">b15565447_polygon</title><ftname Sync="TRUE">b15565447_polygon</ftname><geoform Sync="TRUE">vector digital data</geoform><onlink Sync="TRUE">\\130.11.188.164\Nawqa3\downloads\nasqan\nasqan_2009\nasqan_shp\b15565447_polygonCopy</onlink><lworkcit><citeinfo/></lworkcit></citeinfo></citation><timeperd><current>publication date</current><timeinfo><sngdate><caldate>07/09/2008</caldate></sngdate></timeinfo></timeperd><status><progress>Complete</progress><update>None planned</update></status><spdom><bounding><westbc Sync="TRUE">-164.852465</westbc><eastbc Sync="TRUE">-127.595812</eastbc><northbc Sync="TRUE">74.909429</northbc><southbc Sync="TRUE">52.291337</southbc></bounding><lboundng><leftbc Sync="TRUE">-3684019.665660</leftbc><rightbc Sync="TRUE">-1924908.827207</rightbc><bottombc Sync="TRUE">4354152.208374</bottombc><topbc Sync="TRUE">5766570.787850</topbc></lboundng></spdom><keywords><theme><themekt>basin boundary, watershed</themekt><themekey>basin boundary, watershed</themekey></theme><place><placekey>Yukon River Basin</placekey></place></keywords><accconst>none</accconst><useconst>none </useconst><natvform Sync="TRUE">Shapefile</natvform><ptcontac><cntinfo><cntperp><cntper>Nancy T. Baker</cntper><cntorg>U.S. Geological Survey</cntorg></cntperp><cntpos>GIS Specialist</cntpos><cntaddr><addrtype>mailing and physical address</addrtype><address>5957 Lakeside Blvd.</address><city>Indianapolis</city><state>IN</state><postal>46278</postal><country>USA</country></cntaddr><cntvoice>317-290-3333 x185</cntvoice><cntemail>ntbaker@usgs.gov</cntemail></cntinfo></ptcontac><datacred>Nancy T. Baker copied the basin boundary and edited the attribute table. </datacred><crossref><citeinfo><title>Alaska Hydrologic Units</title><origin>Robert Lamke, U.S. Geological Survey, Alaska</origin><pubdate>04/01/1995</pubdate><edition>2.0</edition><geoform>vector digital data</geoform><onlink>http://agdc.usgs.gov/data/usgs/water/statewide.html</onlink></citeinfo></crossref><crossref><citeinfo><title>Atlas of Canada 1,000,000 National Frameworks Data, Hydrology - Drainage Areas</title><origin>Government of Canada, Natural Resources Canada, Canada Centre for Remote Sensing, The Atlas of Canad</origin><pubdate>2008-07</pubdate><edition>v6.0</edition><onlink>http://geogratis.cgdi.gc.ca/geogratis/en/collection/detail.do?id=27730</onlink></citeinfo></crossref></idinfo><dataIdInfo><envirDesc Sync="TRUE">Microsoft Windows XP Version 5.1 (Build 2600) Service Pack 3; ESRI ArcCatalog 9.2.6.1500</envirDesc><dataLang><languageCode Sync="TRUE" value="en"></languageCode></dataLang><idCitation><resTitle Sync="TRUE">b15565447_polygon</resTitle><presForm><PresFormCd Sync="TRUE" value="005"></PresFormCd></presForm></idCitation><spatRpType><SpatRepTypCd Sync="TRUE" value="001"></SpatRepTypCd></spatRpType><dataExt><geoEle><GeoBndBox esriExtentType="native"><westBL Sync="TRUE">-3684019.66566</westBL><eastBL Sync="TRUE">-1924908.827207</eastBL><northBL Sync="TRUE">5766570.78785</northBL><southBL Sync="TRUE">4354152.208374</southBL><exTypeCode Sync="TRUE">1</exTypeCode></GeoBndBox></geoEle></dataExt><geoBox esriExtentType="decdegrees"><westBL Sync="TRUE">-164.852465</westBL><eastBL Sync="TRUE">-127.595812</eastBL><northBL Sync="TRUE">74.909429</northBL><southBL Sync="TRUE">52.291337</southBL><exTypeCode Sync="TRUE">1</exTypeCode></geoBox></dataIdInfo><metainfo><langmeta Sync="TRUE">en</langmeta><metstdn Sync="TRUE">FGDC Content Standards for Digital Geospatial Metadata</metstdn><metstdv Sync="TRUE">FGDC-STD-001-1998</metstdv><mettc Sync="TRUE">local time</mettc><metc><cntinfo><cntorgp><cntper>Nancy Baker</cntper><cntorg>U.S. Geological Survey</cntorg></cntorgp><cntaddr><addrtype>mailing and physical address</addrtype><city>Indianapolis</city><state>Indiana</state><postal>46278</postal><address>5957 Lakeside Blvd.</address><country>U.S.A.</country></cntaddr><cntvoice>317-290-3333 x 185</cntvoice><cntpos>GIS Specialist</cntpos><cntemail>ntbaker@usgs.gov</cntemail></cntinfo></metc><metd Sync="TRUE">20091027</metd><metextns><onlink Sync="TRUE">http://www.esri.com/metadata/esriprof80.html</onlink><metprof Sync="TRUE">ESRI Metadata Profile</metprof></metextns></metainfo><mdLang><languageCode Sync="TRUE" value="en"></languageCode></mdLang><mdStanName Sync="TRUE">ISO 19115 Geographic Information - Metadata</mdStanName><mdStanVer Sync="TRUE">DIS_ESRI1.0</mdStanVer><mdChar><CharSetCd Sync="TRUE" value="004"></CharSetCd></mdChar><mdHrLv><ScopeCd Sync="TRUE" value="005"></ScopeCd></mdHrLv><mdHrLvName Sync="TRUE">dataset</mdHrLvName><distinfo><resdesc Sync="TRUE">Downloadable Data</resdesc><stdorder><digform><digtinfo><transize Sync="TRUE">0.000</transize><dssize Sync="TRUE">0.000</dssize></digtinfo></digform></stdorder></distinfo><distInfo><distributor><distorTran><onLineSrc><orDesc Sync="TRUE">002</orDesc><linkage Sync="TRUE">file://\\130.11.188.164\Nawqa3\downloads\nasqan\nasqan_2009\nasqan_shp\b15565447_polygonCopy</linkage><protocol Sync="TRUE">Local Area Network</protocol></onLineSrc><transSize Sync="TRUE">0.000</transSize></distorTran><distorFormat><formatName Sync="TRUE">Shapefile</formatName></distorFormat></distributor></distInfo><spdoinfo><direct Sync="TRUE">Vector</direct><ptvctinf><esriterm Name="b15565447_polygon"><efeatyp Sync="TRUE">Simple</efeatyp><efeageom Sync="TRUE">Polygon</efeageom><esritopo Sync="TRUE">FALSE</esritopo><efeacnt Sync="TRUE">0</efeacnt><spindex Sync="TRUE">FALSE</spindex><linrefer Sync="TRUE">FALSE</linrefer></esriterm><sdtsterm Name="b15565447_polygon"><sdtstype Sync="TRUE">G-polygon</sdtstype><ptvctcnt Sync="TRUE">0</ptvctcnt></sdtsterm><esriterm Name="label"><efeatyp Sync="TRUE">Simple</efeatyp><efeageom Sync="TRUE">Label</efeageom><esritopo Sync="TRUE">FALSE</esritopo><efeacnt Sync="TRUE">1</efeacnt><spindex Sync="TRUE">FALSE</spindex><linrefer Sync="TRUE">FALSE</linrefer></esriterm><sdtsterm Name="label"><sdtstype Sync="TRUE">Label point</sdtstype><ptvctcnt Sync="TRUE">1</ptvctcnt></sdtsterm><esriterm Name="polygon"><efeatyp Sync="TRUE">Simple</efeatyp><efeageom Sync="TRUE">Polygon</efeageom><esritopo Sync="TRUE">TRUE</esritopo><efeacnt Sync="TRUE">1</efeacnt><spindex Sync="TRUE">FALSE</spindex><linrefer Sync="TRUE">FALSE</linrefer></esriterm><sdtsterm Name="polygon"><sdtstype Sync="TRUE">GT-polygon composed of chains</sdtstype><ptvctcnt Sync="TRUE">1</ptvctcnt></sdtsterm><esriterm Name="tic"><efeatyp Sync="TRUE">Simple</efeatyp><efeageom Sync="TRUE">Tic</efeageom><esritopo Sync="TRUE">FALSE</esritopo><efeacnt Sync="TRUE">529</efeacnt><spindex Sync="TRUE">FALSE</spindex><linrefer Sync="TRUE">FALSE</linrefer></esriterm><sdtsterm Name="tic"><sdtstype Sync="TRUE">Point</sdtstype><ptvctcnt Sync="TRUE">529</ptvctcnt></sdtsterm></ptvctinf></spdoinfo><spref><horizsys><cordsysn><geogcsn Sync="TRUE">GCS_North_American_1983</geogcsn><projcsn Sync="TRUE">NAD_1983_Albers</projcsn></cordsysn><geodetic><horizdn Sync="TRUE">North American Datum of 1983</horizdn><ellips Sync="TRUE">Geodetic Reference System 80</ellips><semiaxis Sync="TRUE">6378137.000000</semiaxis><denflat Sync="TRUE">298.257222</denflat></geodetic><planar><planci><plance Sync="TRUE">coordinate pair</plance><plandu Sync="TRUE">meters</plandu><coordrep><absres Sync="TRUE">0.000000</absres><ordres Sync="TRUE">0.000000</ordres></coordrep></planci><mapproj><mapprojn Sync="TRUE">Albers Conical Equal Area</mapprojn><albers><stdparll Sync="TRUE">29.500000</stdparll><stdparll Sync="TRUE">45.500000</stdparll><longcm Sync="TRUE">-96.000000</longcm><latprjo Sync="TRUE">23.000000</latprjo><feast Sync="TRUE">0.000000</feast><fnorth Sync="TRUE">0.000000</fnorth></albers></mapproj></planar></horizsys></spref><refSysInfo><RefSystem><refSysID><identCode Sync="TRUE">NAD_1983_Albers</identCode></refSysID></RefSystem></refSysInfo><spatRepInfo><VectSpatRep><topLvl><TopoLevCd Sync="TRUE" value="001"></TopoLevCd></topLvl><geometObjs Name="b15565447_polygon"><geoObjTyp><GeoObjTypCd Sync="TRUE" value="001"></GeoObjTypCd></geoObjTyp><geoObjCnt Sync="TRUE">0</geoObjCnt></geometObjs></VectSpatRep></spatRepInfo><eainfo><detailed Name="b15565447_polygon"><enttyp><enttypl Sync="TRUE">b15565447_polygon</enttypl><enttypt Sync="TRUE">Feature Class</enttypt><enttypc Sync="TRUE">0</enttypc></enttyp><attr><attrlabl Sync="TRUE">FID</attrlabl><attalias Sync="TRUE">FID</attalias><attrtype Sync="TRUE">OID</attrtype><attwidth Sync="TRUE">4</attwidth><atprecis Sync="TRUE">0</atprecis><attscale Sync="TRUE">0</attscale><attrdef Sync="TRUE">Internal feature number.</attrdef><attrdefs Sync="TRUE">ESRI</attrdefs><attrdomv><udom Sync="TRUE">Sequential unique whole numbers that are automatically generated.</udom></attrdomv></attr><attr><attrlabl Sync="TRUE">Shape</attrlabl><attalias Sync="TRUE">Shape</attalias><attrtype Sync="TRUE">Geometry</attrtype><attwidth Sync="TRUE">0</attwidth><atprecis Sync="TRUE">0</atprecis><attscale Sync="TRUE">0</attscale><attrdef Sync="TRUE">Feature geometry.</attrdef><attrdefs Sync="TRUE">ESRI</attrdefs><attrdomv><udom Sync="TRUE">Coordinates defining the features.</udom></attrdomv></attr><attr><attrlabl Sync="TRUE">SUBNETWORK</attrlabl><attwidth Sync="TRUE">19</attwidth><atoutwid Sync="TRUE">20</atoutwid><attrtype Sync="TRUE">Float</attrtype><attrdef>Monitoring site subnetwork identifier (ROTATE4, COASTAL, URBCORE, ROTATE2, RIM, AGCORE, MARB, COOP)</attrdef><attrdefs>Charlie Crawford</attrdefs><atnumdec Sync="TRUE">11</atnumdec></attr><attr><attrlabl Sync="TRUE">MAPGROUP</attrlabl><attwidth Sync="TRUE">19</attwidth><atoutwid Sync="TRUE">20</atoutwid><attrtype Sync="TRUE">Float</attrtype><attrdef>Monitoring site mapgroup (NASQAN, NMN, NAWQA)</attrdef><attrdefs>Charlie Crawford</attrdefs><atnumdec Sync="TRUE">11</atnumdec></attr><attr><attrlabl Sync="TRUE">AREA</attrlabl><attalias Sync="TRUE">LABEL</attalias><attrtype Sync="TRUE">Number</attrtype><attwidth Sync="TRUE">9</attwidth><atoutwid Sync="TRUE">18</atoutwid><attrdef Sync="TRUE">Area of feature in internal units squared.</attrdef><attrdefs Sync="TRUE">ESRI</attrdefs><attrdomv><udom Sync="TRUE">Positive real numbers that are automatically generated.</udom></attrdomv></attr><attr><attrlabl Sync="TRUE">PERIMETER</attrlabl><attalias Sync="TRUE">NOTES</attalias><attrtype Sync="TRUE">Number</attrtype><attwidth Sync="TRUE">9</attwidth><atoutwid Sync="TRUE">18</atoutwid><attrdef Sync="TRUE">Perimeter of feature in internal units.</attrdef><attrdefs Sync="TRUE">ESRI</attrdefs><attrdomv><udom Sync="TRUE">Positive real numbers that are automatically generated.</udom></attrdomv></attr><attr><attrlabl Sync="TRUE">STAID</attrlabl><attwidth Sync="TRUE">15</attwidth><atoutwid Sync="TRUE">15</atoutwid><attrtype Sync="TRUE">String</attrtype><attrdef>U.S. Geological Survey Station Identifier</attrdef><attrdefs>USGS</attrdefs></attr><attr><attrlabl Sync="TRUE">SITEID</attrlabl><attwidth Sync="TRUE">9</attwidth><atoutwid Sync="TRUE">10</atoutwid><attrtype Sync="TRUE">Number</attrtype><attrdef>Numeric station identifier</attrdef><attrdefs>USGS</attrdefs></attr><attr><attrlabl Sync="TRUE">NAME</attrlabl><attwidth Sync="TRUE">50</attwidth><atoutwid Sync="TRUE">50</atoutwid><attrtype Sync="TRUE">String</attrtype><attrdef>Station name</attrdef><attrdefs>USGS</attrdefs></attr><attr><attrlabl Sync="TRUE">MI2</attrlabl><attwidth Sync="TRUE">9</attwidth><atoutwid Sync="TRUE">10</atoutwid><attrtype Sync="TRUE">Number</attrtype><attrdef>Basin area in square miles calculated from coverage area divided by 2589998</attrdef><attrdefs>Nancy Baker</attrdefs></attr><attr><attrlabl Sync="TRUE">MI2USA</attrlabl><attwidth Sync="TRUE">9</attwidth><atoutwid Sync="TRUE">10</atoutwid><attrtype Sync="TRUE">Number</attrtype><attrdef>Basin area inside the U.S. calculated from MI2 minus 128533 square miles located in Canada</attrdef><attrdefs>Nancy Baker</attrdefs></attr><attr><attrlabl Sync="TRUE">NETWORK</attrlabl><attwidth Sync="TRUE">20</attwidth><atoutwid Sync="TRUE">20</atoutwid><attrtype Sync="TRUE">String</attrtype><attrdef>Monitoring Site network identifier (NASQA, NMN, NAWQA)</attrdef><attrdefs>Charlie Crawford</attrdefs></attr><attr><attrlabl Sync="TRUE">B15565447_</attrlabl><attalias Sync="TRUE">B15565447_</attalias><attrtype Sync="TRUE">String</attrtype><attwidth Sync="TRUE">20</attwidth></attr><attr><attrlabl Sync="TRUE">B155654471</attrlabl><attalias Sync="TRUE">B155654471</attalias><attrtype Sync="TRUE">String</attrtype><attwidth Sync="TRUE">20</attwidth></attr></detailed></eainfo><mdDateSt Sync="TRUE">20091027</mdDateSt><dataqual><lineage><procstep><procdesc Sync="TRUE">Metadata imported.</procdesc><srcused Sync="TRUE">\\Sunset\ntbaker\cgcrawford\in_sites\new_basin_polygons\b328koinp1_new.shp.xml</srcused><date Sync="TRUE">20080916</date><time Sync="TRUE">08265100</time></procstep><procstep><procdesc Sync="TRUE">Metadata imported.</procdesc><srcused Sync="TRUE">\\Sunset\ntbaker\cgcrawford\in_sites\new_basin_polygons\b280267r1_new.shp.xml</srcused><date Sync="TRUE">20080918</date><time Sync="TRUE">14053300</time></procstep><procstep><procdesc Sync="TRUE">Metadata imported.</procdesc><srcused Sync="TRUE">\\Sunset\ntbaker\cgcrawford\in_sites\new_basin_polygons\b2409556_new.shp.xml</srcused><date Sync="TRUE">20080919</date><time Sync="TRUE">08314100</time></procstep><procstep><procdesc Sync="TRUE">Metadata imported.</procdesc><srcused Sync="TRUE">\\Sunset\ntbaker\cgcrawford\in_sites\new_basin_polygons\b2492510_new.shp.xml</srcused><date Sync="TRUE">20090305</date><time Sync="TRUE">06570200</time></procstep><procstep><procdesc Sync="TRUE">Metadata imported.</procdesc><srcused Sync="TRUE">\\Wx94dinind\Nawqa3\downloads\nasqan\nasqan_2009\b07373420\metadata.xml</srcused><date Sync="TRUE">20090305</date><time Sync="TRUE">12310400</time></procstep><procstep><procdesc Sync="TRUE">Dataset copied.</procdesc><srcused Sync="TRUE">\\130.11.188.164\Nawqa3\downloads\nasqan\nasqan_2009\nasqan_shp\b15565447_polygon</srcused><procdate Sync="TRUE">20100713</procdate><proctime Sync="TRUE">07395800</proctime></procstep></lineage></dataqual></metadata>
